id,P80,R95,fines_frac,oversize_frac,R50_fines,R50_oversize
0,84.15375300014992,801.2763989488958,0.1661016293445612,0.04125848805119065,754.737403698271,338.471084325244
1,110.8372295946224,157.61468470481097,0.048180080513646674,0.16249973916831426,175.31494719528675,77.96942329589848
2,79.58157462593097,969.2467838518095,0.19706708482211147,0.03968597418802969,829.559121522705,382.6458909963995
3,160.4182551791715,440.1855271890787,0.005755144601877551,0.5095544525153468,546.6296424746928,254.02594166460779
4,112.08198534163894,175.917885913151,0.05667712622813826,0.16870512168178764,182.09215874094403,78.33924885672144
5,149.8982954844631,413.5625535246171,0.008700532505227477,0.43102025639223157,524.7249088402002,232.53292387858397
6,185.11100420022925,380.36915777402436,0.0019230395364899626,0.7034520557399027,532.3141141815074,236.28356082314602
7,202.80269796369546,78.48528397987549,0.0010317092843963912,0.7877136491221877,120.81059863320196,48.399488714439244
8,186.86215821673383,365.1077051707992,0.002767816626061003,0.7137007955725243,516.2430900684565,227.94622024015356
9,146.90717851835967,491.00425465168826,0.012131992255403026,0.4092664175423286,562.8900969052312,262.78514629386723
10,90.50374110191838,823.3098835960317,0.13501772150697977,0.04951445685613972,736.0914088635045,354.1014307833097
11,192.8323414239675,87.69931990404784,0.0008718005641277844,0.7099874803114319,134.7737639424921,53.07846827458359
12,101.2309790394215,710.0038677767113,0.08582464229653211,0.09819626939329941,688.1630090490115,316.2757394747806
13,189.94054143566362,304.38242496602675,-0.0002875471651572471,0.7879934185205766,460.69372535785317,193.69460397302544
14,91.4929210479883,210.53497601749513,0.14688538153958833,0.07810832196966631,206.87976891467673,86.5000808611449
15,138.95101680856797,439.43606546518976,0.012799838196455962,0.35837407466625404,558.2384517764793,251.27729995990512
16,172.05920239699302,48.274441832508444,0.005646808616267434,0.5800408020932872,63.46866799745173,26.628312587309534
17,79.9219297532917,232.15968172219584,0.20632427142423754,0.05761128888569149,216.13179882972508,90.33340071163158
18,193.63197739068528,42.543802250277125,0.0027037507618417537,0.7463191085856902,61.44586864935419,24.702587656630268
19,193.50064062351666,81.13081499154863,0.0041548788015731974,0.7529953166549048,118.02009396067396,48.756745936326126
20,85.89318693224402,210.68174356708494,0.16582388836563686,0.05657673392033414,193.52742385890184,85.63606244512074
21,188.81964961962203,342.48479565353506,0.0009122345233237755,0.7381428318541028,481.8330875697318,206.81507719627865
22,185.38919014490403,81.57193436111723,0.0020492314223504345,0.6677416200287962,124.57462579010493,49.447980888950546
23,220.3321869979441,72.95183111062134,-0.00018282034210413329,0.813900187329287,129.17279582500566,45.13033698221633
24,118.07990169652962,64.55265638357692,0.03216194314246286,0.21890246264943766,72.51949270651617,32.84801638479376
25,148.57765620590405,55.27546583414718,0.009935788935326983,0.4246265721860097,69.97066825832486,29.888970514083987
26,90.65296386149323,208.82869498764782,0.13291161702895127,0.05307164076114017,200.22323441818324,86.32154887071702
27,186.29370765138225,45.7946046798632,0.0033094848365938664,0.6796549126349583,65.90325387177015,26.388426720349216
28,86.85203075150032,225.63734609871628,0.16530133176448195,0.049774443504984264,210.86180785786618,92.65433731116867
29,119.65585028732471,74.91504742303637,0.04418001999032504,0.21327236345151368,80.44662875055748,34.054421426879074
30,146.38398100685646,57.51846173057492,0.010472161107923464,0.41772880182894595,70.00825394258544,31.473583042031386
31,110.57074147154162,68.58664129182976,0.04266485156172511,0.14000215978053868,74.63289936700372,34.32146735627653
32,119.10243347789796,153.08678463935678,0.050530069995932,0.2066225525784102,174.2790380827379,70.66124335990727
33,76.5116043097905,121.3990368803941,0.24282766309433268,0.023684543919919265,100.16460378007265,50.813793806344044
34,222.95161148712506,69.97930488337792,1.757344750864055e-05,0.8508622177720537,119.15330285033133,43.480832807198254
35,197.10680588919053,285.5275139432353,0.0013774933997145705,0.8328373967517277,466.891696191108,194.51626564373672
36,89.77311103830836,766.300893886404,0.14745112487663323,0.08463176408483364,772.7825341275208,330.3257288618855
37,221.0117679535546,37.37097193546882,-0.0004024612798116869,0.847208901382291,61.25623361542068,23.179838989149733
38,198.48894878507778,319.95326288405266,6.95498911110958e-06,0.779489828719109,491.6850216155013,202.6764177028658
39,75.65996923086848,272.4997885414443,0.27017920030931164,0.05831727917818568,244.7851628761667,100.64330693734449
40,148.62893082658223,412.98751841095475,0.00704823336232544,0.4091638552719422,539.9872145045407,241.03236803413623
41,87.86285395516398,774.3004439514822,0.1480596251833952,0.049200813546922836,733.7110993156014,336.13135576723016
42,146.9796003161749,109.34409191508104,0.014256893108337559,0.4107211707872449,133.16145701759743,59.82187468045787
43,105.5613042328187,661.8013606221801,0.057424519170870554,0.12146079397281728,642.4519313303452,305.31308372710714
44,138.9428369812297,518.498832986846,0.020974511777991187,0.3557704646241096,583.1518576517011,261.5091892200802
45,86.21856551416279,793.6129094425896,0.1512320721846606,0.049976394778564054,760.6988539222745,343.878297941047
46,133.80883353210035,447.09012264957585,0.017785755866360782,0.32396220826661093,564.632397953777,256.2426300360053
47,214.9449834534496,75.28510220436443,-0.0008720163379145582,0.8088019707303147,124.60557651087714,46.88888291047896
48,212.7107028606801,39.39403522617315,-5.5688339596801756e-05,0.7803416341532021,62.85444076025474,23.60933465995842
49,167.51453030435727,97.44111409748491,0.004635827172302962,0.540383654148765,126.07208089324413,55.70236640635002
50,175.79107222123918,462.86554105579773,0.003919746520183939,0.6249879249201697,562.0629350575672,251.1372546326749
51,93.61179215305262,681.692683919343,0.11686234257265923,0.10419421520628924,678.4011291015333,300.07903881860915
52,135.4899565008005,116.8096306829112,0.01719481641216005,0.3313712719618011,137.5562414907916,61.18579443938025
53,122.77468417259966,153.34408105312087,0.036062105192051164,0.2211129370158265,167.58522537387745,74.46627290883954
54,198.6728471994075,74.6616363040144,0.001575203778851032,0.7695466967039983,117.99939775155184,46.965693768141435
55,182.67251893999745,88.73091119350498,0.003841598788407037,0.6613143815817515,135.1162935459442,53.24657159851153
56,191.69173362963934,398.3493877251311,0.0016337019257285073,0.7226206807664508,531.0077940149665,227.80947645386073
57,75.19630536223991,993.8424644319696,0.24547118055841632,0.021659345437031127,828.4160731678552,376.4024320086932
58,151.5241521466254,481.8617539222645,0.014467815035400818,0.41785916273022816,587.4971305928204,254.907877547726
59,102.59155591205749,90.47709720399081,0.08912499899983738,0.13528559022289877,88.98406450600179,38.97702340130154
60,199.9393396841956,77.32597694362535,0.002018116306283466,0.7779244192836208,122.53725787589202,48.310799961390934
61,93.25012774693707,194.115757567892,0.13175098737584295,0.06534310918686327,190.47044551672596,80.40745990543726
62,196.14595299931443,75.17017177070936,0.0016365210580403223,0.7655001101339074,118.3208022363966,46.89639708893403
63,129.29988812357087,110.5897060567653,0.01922131626228693,0.2676600135364817,139.9495908230966,61.07720354892044
64,78.65687196942726,914.8490942504769,0.22127848830956215,0.02605588767354078,802.4388897600105,375.208619706867
65,156.15769843500522,471.0513671704728,0.005807770876476993,0.4897455411061637,551.2896787646459,258.86699035480086
66,90.30150182663577,797.91660762223,0.15488178150416182,0.08291515463228348,769.730557241819,332.47070529565696
67,217.1919831966754,72.39115450464264,0.0009300512406759363,0.8476996509580828,118.5146123162061,44.238522351728975
68,162.80082979335728,444.40201351111784,0.00570893181542254,0.5345107361573795,560.3133755195227,244.39078519824878
69,201.97609457429033,75.18164367190285,0.0007819208899251333,0.7857260163333335,121.7289246403046,48.282990400961154
70,124.89653648572367,558.0536433599428,0.026175490547006935,0.24883459274261238,599.5460226672354,282.06563261545045
71,80.73561755425906,908.5492455607442,0.2019659270649378,0.030955092563832384,790.1026051140169,358.43998451993247
72,82.53089114421546,220.9007696817944,0.19657829056601733,0.040652423940352865,205.6600314559204,87.26204349185014
73,124.66167031478253,521.0134562845069,0.02395353762817183,0.22393396850069994,584.9233131808304,275.7336162217092
74,186.81072671065692,47.643552604664684,0.0016342267372619673,0.6744432675100924,68.56402456117101,27.667787689344273
75,179.36726590287876,91.41672938345454,0.004887453353390535,0.6176535980508431,131.00014411893952,53.435452058484096
76,101.16972142090636,199.97884044743518,0.09857748411242297,0.13859676517112834,198.2104748738461,83.12694566666308
77,155.67039631974313,485.0590669989162,0.009871021282235047,0.475127885900766,582.7483827219669,258.7506012147505
78,186.60893902786148,45.060488437760334,0.0004897912916884057,0.672748888689146,64.80632286950866,26.103581347574057
79,118.90156782567767,547.2069825173132,0.03180106473151813,0.22340913296241047,607.7981845519787,275.7923000710267
80,217.4959597822622,38.63793952881594,0.000908269072668684,0.8275170785536274,60.83407285442418,23.439852903273014
81,116.19216401207196,142.83374772514023,0.04123129118753511,0.17886011983736055,162.20991395762397,72.5151826018956
82,187.3987346437716,366.1100140789094,0.0017583231317375458,0.7290257460829164,522.5915675962154,219.90510813295003
83,179.11444160496268,99.58674248955585,0.003577970207064929,0.6332462924726947,133.98932680269198,56.93273913280114
84,82.97432928919302,882.1166987274192,0.1875998405656416,0.03791464137104577,794.2430601189773,353.1067103233595
85,92.93578809113275,93.63450419321236,0.12572106449567413,0.07460981420018181,87.58877514759438,39.992759247398695
86,88.49755877022412,107.17297654973875,0.18787439757659066,0.08410359535769532,93.3875592686345,44.701125398807584
87,82.30363987003787,258.56121525664577,0.22466657881303898,0.06472728153411526,227.4747492222941,96.18423526837343
88,128.78626223913992,64.72402540194895,0.024941274299207797,0.3045857049386226,76.73978450551833,32.7538517615304
89,197.07639369792318,40.92429520638108,0.0012197822867941414,0.7688067421744311,61.06910977712418,23.952456641374283
90,106.85667214194106,153.13509245152835,0.05798910501417369,0.1295230206723117,152.22863669953654,69.96722402177228
91,194.70287781905247,84.5801555111886,0.003182690010747294,0.7550383416961914,124.80085050608315,50.73242769899646
92,183.23622851299473,54.45553558363548,0.004648488611811441,0.6382966365090923,74.47516803512129,29.784704279365414
93,99.98393965961094,188.34199563202324,0.09585943019023907,0.0905326778637388,189.32019184970588,80.37958734487898
94,196.52035765842925,86.21678777034212,0.0011383684994711407,0.7292405248994587,133.9239824556551,53.078648639523884
95,197.87543697538504,79.1673520090499,0.002452085351954582,0.7636718665867743,121.06714770601394,49.76524652312801
96,109.48185100061765,183.73376100868487,0.07179062940820088,0.1483674128728458,187.14920905193716,79.0535316194693
97,81.78651813225383,916.0318835361115,0.18003780900849845,0.02587368807672808,810.0736428639394,370.12637498176946
98,147.68011413275127,425.2056039067554,0.009526746908654687,0.39423373829785974,543.1121620318785,243.4208203798343
99,200.3943056098056,40.92378394804154,0.0014186290370682985,0.7782749310437467,61.75390035007994,24.005385513161283
100,117.25444796743793,570.4992655396518,0.03745310273939576,0.20876973320539646,600.320039448955,284.0442709555397
101,118.14696811716074,73.58730853838841,0.03819238152692339,0.20058955891045596,79.1202548706871,36.88349058205498
102,118.33077599058902,566.4462382060544,0.03205362925338943,0.21984197399876623,603.1215113808083,296.45297619979186
103,91.0823826812831,755.7488828877295,0.13271207152154832,0.06616834526997427,740.2894019622813,346.38491577159357
104,91.94361005725003,793.9778233986029,0.12461373237904873,0.056362343833304296,736.697873768606,339.821141325894
105,161.65348257837348,50.92924935979873,0.006716750278115766,0.5112971657932246,66.34685427902201,28.04051904901195
106,191.92773167376546,90.64349845904547,0.0025406089886503376,0.7126800398077162,140.7736986455695,54.83180084380171
107,90.33609461818314,193.97253111913787,0.135764301862374,0.062009029007695615,183.5246507300474,79.23449947075899
108,193.5234423366592,358.4402946959521,0.0015983380265707674,0.7456050183758491,497.07560921428677,213.63066461280096
109,151.1024436153984,101.95239488527078,0.007746956466762835,0.436412040424679,129.718743635564,56.04918818193641
110,204.74383565748286,78.90415976949642,-0.0007067124308859529,0.739738522881789,129.16892960423124,49.13413273647457
111,202.1647562569984,73.8045830973649,0.00259990022613515,0.7982411595161476,118.21498737020103,45.9586182361495
112,98.94921171875734,191.42276735144196,0.09108058359989855,0.08576586265545397,196.74170773527769,82.92853896686859
113,78.28662031489641,241.73989137127418,0.21171402453211977,0.02277798945383091,226.19925549093526,96.2173480820254
114,211.30618690145607,40.36100077561474,0.0012981645514123698,0.8141940353118486,62.872653332915945,23.324639662128813
115,145.35747679097753,495.09627648321174,0.011717813053501058,0.39215872219043907,566.12955126301,261.2131593154658
116,89.84490732916531,212.34096943891163,0.1414340187707621,0.0480850550527853,200.41073042720075,88.65405761432379
117,86.88933135244386,213.93602995424786,0.14663680129305157,0.04663320110390033,198.73943740896993,87.20476918967343
118,100.59276765568362,192.71167514695657,0.1206233961822321,0.10958306414865628,185.80358436274832,79.30739484894912
119,182.1248398045948,95.37735598443163,0.004660296436361853,0.6396210908472282,140.08554563099347,55.055884919513915
120,145.63543005479625,52.0776816365552,0.01067301963606414,0.4103533249747535,65.09107611169452,28.878036142959424
121,133.73068868590317,54.09965531625972,0.014884131066754047,0.32031763368281474,65.9053855775964,29.155595922889063
122,162.69770606120267,48.9819643755532,0.008493283382452517,0.529385092253474,64.93913432849699,26.830467637246286
123,87.64128479483776,229.87158698172712,0.1720043764121244,0.07185195645433566,217.197557740203,91.38608356188286
124,222.84895529985005,72.5433214499906,0.00031119695547036756,0.8540519621960456,123.51895379477466,45.33905776415287
125,223.65256517824022,68.87700801236313,0.0007003914571604714,0.8529610214965186,121.06198612813715,43.97552164770247
126,104.58416128416006,658.6389022494219,0.059077163787203305,0.1235426312181407,648.8847864926493,304.4787365863257
127,100.08368584352448,191.10140305387884,0.08852373199195336,0.08266195393437271,196.35035170019836,84.1029810003257
128,192.3465316163799,92.84713959417866,0.0012252466528564483,0.7502067975381916,127.46274361530016,55.08371189381008
129,146.95986560196192,474.8823602685666,0.011678089070889816,0.4095999884077834,572.4349220525884,262.8859037654343
130,213.3371552787608,70.51477262362226,-0.0006544339592945678,0.8277061235577174,119.98947032606173,44.51295250672669
131,171.33927881950538,47.386086994051965,0.0056140239653365235,0.5589588600773208,65.73305144438724,26.962311184742966
132,122.17010604811446,129.85777273114286,0.029023684475261373,0.21684734213830545,146.84522591351038,67.93683863698847
133,124.87868943988347,154.07055422886845,0.0436299222845395,0.2263925041842033,161.7274743884185,68.49066240672276
134,173.51634224249986,392.3048591032869,0.0035592980387462495,0.6002100903158141,515.2585650856929,229.67252139162912
135,192.6963384808874,78.48564304459501,0.0012384639661448499,0.7050346180571565,123.86478585756363,48.31350574007925
136,189.96330917151906,93.73522756136303,0.003299366587385947,0.6914183688814564,142.33474274912726,56.404489565544424
137,102.13090814999828,603.007103681602,0.08292497928468004,0.15437768185157866,666.6009496504735,288.6008764248664
138,83.60927523634237,212.68510120759925,0.19016658410041515,0.03849205647080781,205.93741629691274,83.5749318070303
139,156.78538346423332,444.64883702356525,0.007342615843645104,0.4994431505172836,535.6047488190143,247.14720950360905
140,180.61030829852993,92.3542378936646,0.00258313457263858,0.660860087250946,125.4493779494871,53.88756583726615
141,104.50626573499018,79.02293056092435,0.06000558745795921,0.13298473878565975,80.16780688408423,37.977583971032956
142,142.96968431201353,109.63728576482677,0.008253247804893128,0.3828605377883702,136.76289144791005,61.233300067483974
143,96.62935570764371,746.2107806189938,0.10659908804794481,0.0696960962290338,719.9650705144868,341.01943110653536
144,182.73206934741148,85.78752695310477,0.0045015884894371375,0.6337914924512351,123.74221247099315,49.61862395696926
145,126.18604030706754,57.19054452488197,0.024558786654371147,0.2679225034337212,66.48722302425816,29.9481254444789
146,78.65398553189759,240.71065894584564,0.2099507437283397,0.019247471013951002,224.90565751377497,95.75384466342064
147,183.7189987282315,363.89797894284453,0.0019137269252307739,0.7330695914349927,505.444130636639,209.05267746143204
148,97.00553946571554,721.8435514331125,0.10026624844649157,0.07637021147495858,686.9453964152125,321.1500833901408
149,184.76802179311576,48.808746931726716,0.004432396793343965,0.6565675560317068,72.72122198335134,27.97048359145421
150,101.41869871545283,189.73002712322813,0.11179204460233615,0.11250507333495077,192.14564599184283,79.10179938041742
151,188.16943323929317,376.60166931092215,0.0011309810594043108,0.7154403684487112,506.1512823464306,224.80641828978406
152,150.8275216154953,105.83002731961342,0.007889997281097287,0.4168769905468209,137.09181769600085,59.443009761996386
153,127.16560386118138,64.71593050864836,0.02431657504131824,0.28382752055514204,73.38943903969187,33.6311012080587
154,118.24767742547424,564.3947203553151,0.03543254407231921,0.20859638194227262,599.3918610729622,292.98012571257163
155,191.0758230779832,319.2772287869187,0.0010506266932323088,0.7602231701002327,467.27746459119663,199.5128446115223
156,86.89490822924976,103.65085572118903,0.14849322607758014,0.05037384710704278,95.43587184102316,45.405960015515014
157,155.8526470934088,102.8842022452085,0.009762704924152344,0.45000413600952044,132.82399169119503,57.53148563511328
158,83.79395932119006,220.52625256537735,0.17937217175259865,0.03431103568534852,199.5085210465138,87.49351918979836
159,213.05749983904943,75.23116947717729,-0.0006136258426086284,0.7956969256467685,128.73147597344925,48.222328570420444
160,130.45756281457517,545.3275878823998,0.024086689215984818,0.2971899830212929,592.0257403730964,287.0281916784022
161,87.53131204198401,784.8238953983109,0.18237568736742588,0.0804548219746704,761.881817199997,320.79514176920316
162,177.55071429624823,419.94331421756607,0.0032629098580637273,0.6503662863149235,542.4888368466208,238.42198870077218
163,80.43884213204107,890.3743670405756,0.20225194025217197,0.027783715461371327,789.617805509671,363.8041312920427
164,119.64697586102172,60.52983001176249,0.02859423948726796,0.19954530255430916,68.70157032268341,32.171415097448374
165,86.93533787864088,106.23369513769828,0.15956146338805308,0.0681009461269136,96.04903364619229,44.62721168582933
166,158.07713019379094,50.46509977953851,0.007239419566150871,0.49136344372727575,65.48817010093671,26.335890500223364
167,83.1209120016509,877.0473252845788,0.19029754509247188,0.0340874115522189,803.7251500375736,353.4298688698502
168,171.925404991574,52.42277727630016,0.005036212523157391,0.6093351840860846,74.2058477126822,28.30051142955615
169,172.62548314673123,89.31056926176885,0.005607248519046911,0.5911349052541293,130.84181993199823,53.6321862713857
170,191.84103602171237,290.3872961195894,0.0006487574238388534,0.8040308707086778,452.9241011509079,190.79510780666683
171,164.95192721145196,98.73749016615339,0.010706289399809055,0.5198524727290796,144.28504506493852,59.9330778881379
172,108.1833227151237,625.2959072115768,0.05434348430460131,0.15091546475423318,645.974290446835,294.53950833040113
173,194.48318881589208,83.32536004297188,0.00335278850375013,0.7525385273087819,123.47937744541345,49.73960284176177
174,185.9539541077022,86.35382341263121,0.001388241059584446,0.7251207174172454,119.1548020557921,50.03923162014306
175,200.12633579493038,41.15132115930142,0.00012887580255822875,0.779987270468437,61.04120370497052,25.02864649822614
176,83.59072217371806,104.77950774953835,0.18400555630079116,0.051866217209757516,93.33104099614825,43.852051460665706
177,102.31682336652848,92.84585860972344,0.09446121129591986,0.13450540572992858,89.76196063573171,41.64078240910218
178,111.87254373353778,149.76247474013505,0.04884730737537699,0.15327068569970792,152.20944446005996,70.06547105730462
179,152.56625567204816,107.59617425363165,0.01532925695061597,0.4514713115077774,141.74725496343171,58.74312767970318
180,83.40739180995654,822.9317625550256,0.19874907532154953,0.07234329628966296,805.9090580815874,343.0473353294467
181,140.87862736868817,125.2465175726874,0.018662848453675804,0.37083975960812393,143.5365844348929,64.21856116549542
182,99.30068855201735,158.90538584758318,0.07562106993689376,0.09565770930654292,163.94885594097903,72.32074729933912
183,92.15847722142881,202.36803270929266,0.14762418352847545,0.0857957177926455,202.351982645546,82.83621206914121
184,76.97452240589843,256.1119676273376,0.2257359170832648,0.0487564841475162,236.42040418518084,98.30263047146667
185,83.84104927444115,820.3704864210706,0.1924431311479665,0.07216323892564376,795.6071366678636,346.84796608838616
186,170.74849547023126,97.58800214490152,0.007343713702014444,0.5735568011424628,140.61255576564434,57.91549784234157
187,198.43864812423402,45.46952287215268,0.002393431463602534,0.7464338122700052,68.71210230323528,26.508340033604725
188,182.92771030705666,406.0721183071706,0.0036683896998803266,0.6442611387469783,529.2996594216396,233.85504473853186
189,189.47279126549805,88.31559621275105,0.0018335446346179627,0.702792963832904,125.48460399566252,51.15399333626794
190,171.5944129578471,104.16756877656515,0.006168217188535213,0.5734008942357143,133.6761642089241,58.5017952520828
191,178.63849323925726,389.3934550173634,0.0013119433149741038,0.6618002902667404,518.2794204704595,234.81103788714614
192,135.92401331406091,534.46627429494,0.02433151310605039,0.3274093335109439,580.103071308547,259.6311088930718
193,223.61706413369149,71.73964970270224,0.0011740105528091744,0.8602868102539769,121.54903863980084,44.25451537565147
194,129.78423724731363,151.8666209759105,0.0375681684455883,0.2636999595213567,170.58104322176985,71.07908741581464
195,127.1190383517775,504.69378045190103,0.022254998713899028,0.25755497526728544,584.3692765045803,271.84637529131453
196,212.37571129775102,73.94896087887702,0.0009013080594821631,0.826734123880275,123.95796165507478,45.98353942478146
197,176.60512670062724,92.80514221754278,0.004021965308667105,0.6292361755839793,142.45039468750775,56.668857850388726
198,195.13364854766905,333.0952964980392,0.001442113359334855,0.7811683622067715,491.599498036267,217.8342263737097
199,93.50665572543862,214.86567974864104,0.14515054867854688,0.09375308816503813,213.02287597127687,85.11946900330594
200,79.00603337735475,952.5909246596653,0.21701174629396258,0.02692428209044601,811.3853334251299,380.1527792303102
201,178.68082307959435,45.276691079513796,0.003956181847357998,0.6289599743315435,66.23225909242909,25.697726125517594
202,196.74876945361137,77.96086750738844,0.0009450121626390566,0.767021896665772,121.71279208598554,50.3014094726657
203,101.75534805806787,676.6775134918913,0.06826591565357834,0.09007485773857848,640.1371519903482,309.7534969939753
204,199.45400315448913,74.4470968445014,0.001369088574480398,0.7971889395679927,118.91221154181783,47.09219110348093
205,81.77654545544239,110.95588742154722,0.18672286809478272,0.03551112971320894,95.54923506746792,46.68172160396885
206,99.69407106205502,709.311493790986,0.09211919370235987,0.10976208801810687,693.7266387846028,326.5333420908735
207,83.75255692043103,218.35911919392774,0.17166034228944305,0.030227444029586548,207.81674228125456,93.37473775558213
208,152.02611444408535,51.26420106503471,0.007343393645264145,0.45160468950086335,66.07238226713375,28.68199773119672
209,181.99525675156832,318.6915273214977,0.002473491709724087,0.7436382676120938,464.87496412365016,205.2944095797098
210,138.61683962167731,108.21210032800799,0.01674287321031523,0.356239550518739,135.34271876092953,59.57872569570945
211,79.74870483585777,958.7575855918822,0.20221729118692586,0.02527703729719034,830.531058337842,374.3353887621621
212,94.02393564216756,101.23776502754058,0.10844986757047069,0.07986795432976684,92.65094119811246,43.07035320202824
213,91.65078445183252,196.5872315079509,0.13183408223176996,0.06618713706174419,187.50816279996494,81.30692871492404
214,165.82931309853834,371.9149490754195,0.0033096170520197357,0.6434670344420479,500.2496494426112,224.20373103269264
215,86.45815193574013,225.00561569715592,0.1854932200094506,0.07513075639912871,212.22673900759713,85.05421611980455
216,77.38931888012527,971.6909808660977,0.2406624741806576,0.037296774157403435,819.9923600495887,363.03502767903865
217,201.82050335514694,40.819903030761765,-3.577113832189666e-05,0.7997554629072012,61.79592124373596,24.06567434016609
218,141.69713795041613,524.1052765831446,0.020991172559240923,0.3561651088122522,588.1693654931065,268.2443869301061
219,196.93576482619065,80.2395509897032,0.0005633178300382942,0.7590332212466764,121.6857093561441,49.863002042619925
220,217.01709911463817,39.229292599901484,0.0012613043345228879,0.836452410236282,63.49613160168235,23.912475741633802
221,182.485053985767,368.8113946821785,0.0023405793356403885,0.7081727694999962,496.7343534820772,220.7935459950926
222,91.03326713113,786.3322690476878,0.13877575192745448,0.07617669238491798,774.6358064705981,357.9867182281487
223,184.6412638006371,390.70120348002325,0.002757626527395019,0.6997433906802504,517.1309196240716,226.43830296275632
224,142.05616565836362,107.44107397813906,0.012712934597216407,0.3806510511996457,134.4804545666191,57.953675417218456
225,91.9642831344559,653.3477427072124,0.13389036460084366,0.10433839170606811,674.0637024613999,294.01220929849705
226,154.1288277258241,52.4079890005336,0.007026483323092016,0.44980339582804,65.04198489579571,28.082640074909513
227,143.25011933485897,503.9832838507733,0.01896649666200503,0.38670701055143036,576.8543207525372,260.91948349786395
228,197.10582757079231,307.9465049263939,0.0005451513186432338,0.8137985231054252,473.5983915116741,204.7343878793107
229,194.03120663887293,84.77341766536485,0.002113200628217079,0.7484187791221717,118.97443222523542,48.970192489092845
230,173.73184433060686,85.481099579222,0.003382855153252578,0.6012370295062925,128.28470257614836,52.24520948803701
231,168.1956095728118,99.21670225516839,0.005076878768869956,0.5844406801286219,128.7619274516414,55.41462059823509
232,86.62385562478858,218.9734738821833,0.16688547925337752,0.06655817009890594,208.34188295705087,89.60221710147334
233,86.08126999903675,207.33657079145826,0.15288288446860107,0.05090009515275684,201.64727482138542,83.21690258854989
234,93.35231470721348,715.7669863631448,0.1391361170964341,0.09468679886652355,717.5101120321293,311.5337916896529
235,159.5708866426185,417.479073880864,0.006843637929915476,0.4999550179299971,532.0266034169356,239.17019783159583
236,209.44619807970972,40.930501511371546,-0.0007308238248443621,0.7670787237845642,64.84995864924163,24.44016508567399
237,75.15626487424593,975.3799851379836,0.2307281917444763,0.022511594897581567,839.9544151108154,381.7501306457064
238,147.42880342923854,124.75775036040464,0.013868407394359749,0.41253026717259184,151.41671655185795,67.71135620641242
239,119.62749283495228,69.9142937347225,0.03356174607380365,0.22307109888911286,75.67633182874623,34.37042034861135
240,134.54219754896414,545.8839375300151,0.020341706973347706,0.31816159032938807,615.225386767846,280.8766260550395
241,101.81731502208619,191.24248638199197,0.10199143789430216,0.11708516594116589,190.18637639999793,79.03279254535236
242,82.30449391990192,116.40130250254818,0.19538264228619917,0.03554248622304976,100.07418663318488,46.993779864602054
243,90.30277507497524,213.045667727332,0.14003065681298962,0.06573505213575964,205.6573120409801,86.12652038035799
244,150.13725154579876,52.787552101703604,0.009035375918969427,0.4337089073329633,64.98615146687841,27.95343077174491
245,191.18998989715635,348.4517948315357,0.0018520485164636126,0.7445400220071303,505.80512632905857,212.27722125871315
246,136.33258229351983,131.14501531494443,0.01871076345478467,0.31467344165895994,151.076584633176,70.66952113832454
247,86.00896386951743,844.3783101403421,0.15886799062773918,0.04295165538404869,790.1569380313233,352.58849167137527
248,118.91938737782688,598.9396289167917,0.0322126157734255,0.1815855022538824,620.2839146351243,300.243655429601
249,188.58558573735283,295.4481724402121,0.0017504243586441814,0.8052690874002608,449.72484709455745,193.47600400923523
250,76.31243259234269,996.0867197602554,0.23385276815747513,0.022387791547760955,832.3134853218886,391.2942550478895
251,186.5889141924145,358.0710564440501,0.002043387898800464,0.7353174092197567,493.3258901739586,214.2468486992642
252,85.86580956935218,229.0591467912944,0.17888648346898722,0.06820863219911931,219.7448787652193,93.25347121374764
253,187.6503652971642,371.96924737867727,0.0020668937228735924,0.7224208032581168,518.6211758803989,225.27939655266945
254,105.47559914910788,677.2104133717698,0.08693100185771462,0.13454611927525634,696.5402457367583,307.8548536112967
255,86.52371313641122,207.74769479875016,0.171210705034514,0.043837801053951804,197.98983122426483,86.29070097010707
256,195.03905508740877,291.5318446069841,0.0006565206014175967,0.811299038884373,459.08340404571254,194.7056288124491
257,202.3530121774782,41.727542585879874,0.0019158168263415714,0.7649072311288263,61.79098994106047,24.378168076483625
258,99.4478151017148,734.8626469897255,0.10625030154929509,0.1100506290899134,727.603973662662,328.86140526903506
259,94.84054135794379,97.79286510722699,0.13082489840455336,0.10455365657113751,89.24552057723008,38.96349710862468
260,118.18835002888429,585.9678369420134,0.04061262432895302,0.18900718837837213,644.7192531053169,291.2679777269852
261,134.49140053318726,451.94737424824126,0.016627787089207303,0.3303406465948515,576.196645043858,263.1020622584106
262,206.4604204971847,82.97530499407324,0.0009353125833904716,0.760233408853106,138.5395561795256,51.33320486440368
263,190.93763868596767,327.6265120486327,0.0004744811089643835,0.7735078045910533,477.8874104758265,202.5873272530064
264,202.4005601403841,76.2868793823894,0.00029624092771590824,0.8087027383499907,121.40492845180874,47.42862159324585
265,142.380509801134,110.8506638234462,0.010437969009232525,0.38088275101397434,137.78937462738955,61.368084960949986
266,89.06214927531931,228.39676701506264,0.16746577618257577,0.08147662982704164,209.99405472012307,89.19622891156915
267,143.32138591114887,53.40355384229085,0.011841071168824695,0.39329415923356825,65.87725467536563,28.04899888801433
268,136.10794937917464,529.4457872643748,0.020369664384022698,0.3387793105252287,594.3194422698781,278.2537127083531
269,101.33385862781124,193.8307084866676,0.09144204067548402,0.09351839865187386,187.6269184804815,78.91066876713016
270,141.47081708196302,491.4089948118964,0.01921852044060449,0.3804968215003481,586.1533860286854,256.55092515616917
271,196.76685806093244,307.1809496624666,0.0008306672835965228,0.8010693952715082,465.97826867780356,199.3718078655485
272,175.7875692528304,96.48915487849737,0.005036071234218657,0.6274572976728907,127.80545617552394,55.0409506461025
273,94.5924492087474,101.87616289616993,0.14682004569365006,0.09981692780681092,91.31739411609746,40.22297795515983
274,92.62075352148771,708.2940808409362,0.152791919121327,0.09314969182316062,731.3418129390126,314.96487225424124
275,88.8270644647854,215.40032638368908,0.14057715457413025,0.05437760056072081,209.18737028106557,87.4115912644979
276,79.92132501016307,227.66991612920185,0.2092229423687187,0.03304522748830912,209.7150575210649,90.07921112027823
277,189.20382545897624,358.23968791233636,0.001117088997691922,0.7353661651474352,506.7618974951482,211.71767676069985
278,79.02740831414083,129.91633577900046,0.2518887468372412,0.06221049157116361,103.26972120525589,49.805961814730615
279,106.5985167119195,88.40624243122758,0.08360941416057359,0.13672735327658647,86.30854812807415,36.99302138107986
280,89.03772680894338,109.79654610878387,0.16881488187371857,0.08479344137257128,97.01503393390047,44.679265979064574
281,163.2455785110151,103.555314259955,0.008083811618603581,0.49298241161351014,130.32083907724012,54.782145410372856
282,179.86123254926343,91.10209342059854,0.002817721437869851,0.6346264291724666,137.49958747396488,55.12428070909653
283,132.37557935308217,113.41242031809769,0.020290582454856133,0.2852348549247639,141.86863257653846,61.67772654000461
284,72.71940813965209,269.2566020888534,0.2588387178225215,0.014840661144704613,238.4908078967297,100.53482793667737
285,93.03031769179141,202.12968502680727,0.14629006729611665,0.08716108605335118,192.34563983277508,81.62047573251762
286,110.05864130641633,712.2278614502986,0.06953996270176463,0.16796734246310557,694.8509887884131,306.38414427495326
287,184.71590606867116,46.199121652709536,0.003475425295818425,0.6666236802646903,67.76039197281449,26.33772261499091
288,112.95540586562795,136.77318507850308,0.04548686225613597,0.1455998074552811,152.97193861834424,68.04934969558124
289,167.85444801635413,48.88707348657592,0.005276127018606365,0.5445338483107618,64.7417303409516,26.626848748617135
290,176.33621537722607,101.25126267143465,0.005545401258304934,0.5906459640697879,133.58899605898495,57.56576441095703
291,187.90307894216505,417.7428359638429,0.003337070046781553,0.6727970638749259,563.3148782527393,240.29794219769894
292,190.39035530516517,93.053007568698,0.0017544892579623016,0.7307743548791152,128.27217498240537,54.78487671701103
293,146.13192843156955,118.6162902162327,0.01169103867707511,0.3850396988650237,142.37862725469319,62.24628768213456
294,206.04799495546905,40.999829581543494,0.00026632757503494746,0.8019772831206058,61.30103073601822,24.076205834816466
295,83.98796086450595,216.7053666857287,0.16781808991350824,0.0372530858285501,198.5037234876212,86.87895247196073
296,167.00593182003942,408.9213721911012,0.0034032849851551453,0.5844878382911083,525.8197923015637,238.01033485622753
297,83.74189987099827,849.9756991547847,0.17444102146845128,0.03606218613955869,765.270814825681,339.979128146658
298,191.9380644337589,44.364435959215726,0.0033778876309330827,0.7233887351875372,63.67483797289867,25.496699845244894
299,198.64694521421944,278.25630535721655,0.0013394453935741616,0.8323454291282084,446.6040901659562,192.34137334826224
300,199.8254418458717,45.383764380357924,0.0014235607736680928,0.7388296981112106,67.97960671768864,26.826136525480916
301,166.72042320011536,48.782755413188184,0.004470059931934775,0.5777470726355183,65.29741656638176,27.996215496422003
302,186.04743476962054,356.7525925523314,0.0020475110374449657,0.7294622672354527,499.33258371251776,221.44939784448277
303,103.53674549433143,176.011894266496,0.07683209713384806,0.10261070509993193,174.9712853558891,80.02466976684062
304,82.33297404457672,236.0697486791921,0.21811095600475788,0.06644115851145961,210.5902186555169,89.1558974056894
305,99.28420085011895,93.80424978884432,0.11934950069487045,0.11382250940962449,89.43643732959836,40.51612968094509
306,184.09636171697028,93.13493871447163,0.004852424201322228,0.6434344630691833,136.20625492487432,55.02277621352628
307,204.03406882322156,40.2680277238733,0.0010758119014476625,0.8066046602910155,61.121343645819636,23.463995416393644
308,107.23788744242447,81.25302570879437,0.07595663627657162,0.12928113360660404,82.89601852557139,36.638255433526126
309,184.70515368381797,81.32990158440741,0.0025440373255644386,0.6631313717105662,120.17800089822913,47.77105855024949
310,80.22283640613206,273.5988970124006,0.24146159413986207,0.06630000706084094,256.1879522915316,100.06829319046692
311,108.16822745678094,612.7303840861907,0.07883839410617904,0.1639855349852264,644.9779343083302,276.66472985835424
312,174.69383140192994,434.004028483421,0.004551118319817421,0.6076083504899177,546.2845519777875,237.8092203543263
313,174.33968317648058,94.80711009089765,0.006071966725804816,0.6160864008051703,139.81449739582732,55.90480262878374
314,175.55576418842898,89.44822037519091,0.005694185369196311,0.619921026358802,137.34036734870406,54.14304350618982
315,101.01812814431727,185.36798067204046,0.09683514528159584,0.09996186846034556,189.3467755988197,79.16931125568465
316,88.35129911772266,208.511926897935,0.15113355459263958,0.057255741767817156,202.90180578903525,86.54943600870116
317,131.7946558139577,114.69883099700601,0.018253654078088412,0.287764665541225,139.84757684821733,62.778876955596715
318,71.23820545282109,1017.1572109417388,0.275381453953295,0.012110654749655028,860.7711332710742,392.2649265576994
319,184.1577274165754,349.03413734853257,0.001102217772009685,0.7246056852772966,495.69462149973214,209.8370117903721
320,79.73842173831997,895.8204691732675,0.20407911424792188,0.034160064017102594,796.986847912802,364.85802512033354
321,185.7073537713523,46.37913472850557,0.0028245298926090905,0.6626429482388971,69.25302204828648,26.955278954906458
322,190.2533519730555,360.93421107985864,0.0006132569621267062,0.72999604205199,499.5073985884861,218.26645889754482
323,92.18727610462487,703.8774464455764,0.14105062193987977,0.09424740024926939,719.2170580184699,319.26263927575053
324,169.34152124122193,50.95360528528824,0.005790760818938732,0.6029855720236423,71.22913557628627,28.149269958580465
325,96.02065724177591,91.78781494270373,0.09998088106431197,0.09138659398408866,87.47068397341573,39.66068877198557
326,183.52151035493821,90.64747665483898,0.004163494493748572,0.6664309488535229,123.7237150336893,53.09732506711079
327,139.9826164073513,54.35387339064018,0.012604852498983635,0.3687569293571492,66.3933385013771,28.37534364724887
328,78.12387457432857,119.52677157203028,0.22132878704420936,0.026873546502774983,100.80013853772739,48.30348891742821
329,106.75156514043069,183.86688016932877,0.08148552874637968,0.14279286823467865,181.72399581441712,79.31584204316533
330,198.64536542778654,311.69201445437534,-5.189488489168884e-06,0.812054351182715,468.45689996941525,202.02536635191888
331,212.29095259401043,71.78920923775424,0.0013436132334129108,0.8287842103911158,119.65408788204452,45.77431585869338
332,188.68722397351118,355.24186356769144,0.0007875257008816248,0.7381264562386802,512.9036149888216,215.79242820437915
333,77.86845437235021,266.7633462718963,0.23533303466548988,0.058932918869545284,248.6093894360106,99.53023652052806
334,115.65065669973205,163.03518888741775,0.061229686027036524,0.16968477831014017,174.44143736981422,73.1185477690048
335,76.23522898115053,239.43403525434297,0.24356464403558287,0.027847657408094854,219.2716195979295,93.72459916675925
336,169.65890836608648,48.59375302490991,0.0035766512804896065,0.592791449111669,64.32349373110543,26.499648081848214
337,109.40858747991224,641.6392088342104,0.07161802451095561,0.15711590817596047,662.0487007935343,292.566339337573
338,92.3290696786611,209.920849596001,0.11970903644292515,0.060546232886433245,202.00455086771717,87.11976678184124
339,89.4701757119972,208.04091879876412,0.14880240833427982,0.052804393371796834,195.31707026851248,84.57109025446303
340,119.11118147383806,135.05688851322435,0.0387312738355598,0.2161388974571471,146.73248703841907,69.19429410624679
341,202.96545808854998,79.76606828770983,0.0009149301506390089,0.7417876612749419,129.06008614126262,49.129613000640774
342,87.42915798417015,764.5964096704819,0.18096827031365154,0.08444566457366458,750.4895925738924,318.85919837583634
343,130.32309786436318,487.0524536238922,0.020255541344609437,0.2932478830280538,597.7286547082313,257.5302242471726
344,137.56348084746114,55.27469069453013,0.016505306473642116,0.350472249773391,67.19330013515723,29.348440242161345
345,162.66829354805438,461.6682362478724,0.0073231689947488516,0.5099453302504813,585.6545810521253,256.18087972181013
346,174.13783738752204,425.0720895833282,0.003530146602430827,0.6105452090020971,528.7260951003806,241.26179872946852
347,191.65810445514026,81.22774787418713,0.0003787876889330062,0.7372583396029806,119.3761052179858,48.89500023773768
348,136.72196737346792,54.30179423349916,0.011776798022389704,0.3501391183034644,66.07990295455667,29.85136471347881
349,72.50585377951431,1003.7118114584752,0.25980662005361865,0.020487971689363012,821.4517191081186,378.35341820502094
350,83.12304576987937,223.23424218596074,0.1857693616188273,0.04416947703274983,213.03945405218255,87.23163342861365
351,76.60081732095601,124.85161396617599,0.247522570053033,0.03715795185726148,98.87921485618753,49.807257446028515
352,197.3771486306529,81.45652350885919,0.004237581518100491,0.767160880957156,127.45186066615597,50.39532151017312
353,72.61655828754765,129.12447484011517,0.24105145976274184,0.021787697189012613,105.98630567848305,49.13878294945449
354,98.64398822800956,96.43357674547754,0.11323793099750802,0.10832073410221758,89.03253998093264,41.971634658941106
355,77.7480882995536,256.92473396692293,0.2446158722884244,0.04598900803184446,229.36117330284173,97.74817996937153
356,115.59685209806621,591.2342138572063,0.03905871730998486,0.18677565348396552,648.1079222215271,303.0749759013124
357,133.1077955695985,57.20905548116188,0.021082543779716516,0.3060260483169261,66.70784443118944,30.904795339227082
358,97.94818683162596,202.58909086148412,0.12557577733982606,0.10456126605092199,200.43962123116484,87.7107773500845
359,90.4422493862125,762.6124735304193,0.1333024957017022,0.05807605944760626,699.2383234338315,324.44512411694484
360,206.73102125255542,41.50028364702366,0.00163753264367993,0.8015388113707202,63.82992891393927,24.502332152288773
361,119.22966879387235,547.4134295870059,0.034711679295310806,0.2118835714275308,592.2511919861053,272.89065366071236
362,89.45063008853973,815.691371682309,0.1497231121065744,0.07744698177527812,779.469120699752,346.01355731049097
363,87.04521290197435,780.5999496545261,0.15464183690200728,0.04870594583750722,745.0788430644674,340.75783748804145
364,82.45579718398935,260.4272528396428,0.2325007437886752,0.06654776934305723,245.23720379753496,97.52917292239735
365,207.46934465342707,72.75331241517311,-0.00023747588798235725,0.8141547333139882,120.64531368351992,46.51532473850194
366,86.2635253889705,111.40754498988413,0.18045892623430315,0.07504760422095091,94.63925550223183,45.49678363977861
367,202.10845094696654,73.27890737823887,0.002426158736298172,0.7980640778300465,117.96540977536887,45.10188111470593
368,142.3469609686427,511.18868631393775,0.019450348320096594,0.35942755722598396,568.059461389349,258.09282432638736
369,149.07439164381628,112.88173537761067,0.018266773995262744,0.3852459897377426,152.30927711961093,64.61332038077276
370,103.77181957364817,712.2600294431662,0.08616892385205317,0.13988238604847483,691.5549491518846,319.19781546260447
371,191.58458476086795,318.29908590506534,0.0011695059144335809,0.761445474846516,477.0086567603549,210.4826250906388
372,159.11588492217322,470.8384923170967,0.009104985769051463,0.4769655373099743,565.4071147770111,255.31697611013664
373,173.21543089606777,48.73090115628574,0.00801495683039847,0.61483409639893,69.52321990982911,26.916439770755396
374,121.38348256085386,559.440627084038,0.03012918204900073,0.21821720490983235,599.1248788068124,285.2811221662169
375,175.84709038797394,92.06147902618363,0.0027511451243663965,0.6170869415775768,135.03492657261575,55.59380445276993
376,86.29373335464031,211.40446926924727,0.15391135445536916,0.04017723205349079,195.32168127826378,86.49754255186778
377,189.85714411536492,314.331750324954,0.0009779386750121961,0.7901305863146317,471.97362612507595,202.0661996176195
378,167.3009325683207,421.22829091209866,0.004425276591624757,0.6110045114950555,553.6045015376121,239.03877402252454
379,184.38752440047307,44.694558322789355,0.0019453316917342782,0.6698646664690258,64.24617877074287,25.962957545274936
380,87.56205691092292,834.7143389226909,0.1450237068694767,0.049359190636699635,773.4625727315806,351.4875250445385
381,80.47916014890194,243.9571522502242,0.2356986767346349,0.05908733553304452,227.17734259963268,91.66508726821357
382,104.65469377626462,659.0948806530887,0.0813763038645258,0.10567133162396689,655.3971350935344,302.50245786656615
383,80.16347449103313,110.64667568789743,0.20945094970263228,0.041582596344695334,93.5472777769391,46.31544437984897
384,89.04557637824678,230.40760436015682,0.169360044358747,0.0807405754086184,228.78943963030252,93.57208339872462
385,84.81276487012704,886.9317398158312,0.1802317396127982,0.047159885364812845,801.9228543758128,376.32529250711565
386,207.38920359762974,72.96428247301516,0.00029801326952229865,0.8077006330344472,116.8188977949968,45.80362083332387
387,111.27912064484394,159.2031749646471,0.056326560344145564,0.1368436698851938,167.5742759944615,79.2062739256375
388,93.28637972468081,101.7493896226341,0.14175091252338384,0.10149530673383465,94.7419876087948,43.14065718972876
389,105.6412504785544,668.9560776832237,0.08661814697150874,0.15106238646181605,701.0341050645773,297.1157776904955
390,129.37448375344758,114.2246567032882,0.019413040570162004,0.28443024770979686,139.20195933991172,61.09331177425937
391,155.37902323616996,114.02775645432102,0.012963798675962998,0.4904572260263663,153.29598929220552,61.469855181178474
392,153.46833234844334,485.083427146535,0.013440562072103897,0.4754917823121008,602.3116499885327,256.6506086967652
393,189.23174962312743,320.7123712848341,0.0026268030493130775,0.7723278923676917,474.9450248616203,202.10113697462893
394,87.11252007850845,220.22704632507256,0.15880709010447552,0.04764436386171324,215.0184791273442,92.70318434210452
395,91.2576816662932,103.53170044568009,0.13476288006352635,0.06400962972889741,96.45259749543777,42.75115117988356
396,191.33535370835966,328.443892009885,0.0008292343544542948,0.7597415278223116,472.34594107007695,209.53118841034524
397,118.44466679650888,145.36558116820808,0.03798062724384293,0.1906252802104679,154.0813736394645,71.63949212240414
398,201.6602953212496,79.43632372445994,0.0016132516936989184,0.7973228309268419,123.6257172101988,49.16185055908354
399,115.67615301714095,157.16209468865858,0.042652641848816175,0.17395378890031682,167.12467339322419,76.14978661140714
400,100.02240429677812,653.337779777125,0.09594316905295673,0.15537437672727392,663.9547799780722,290.2762452594507
401,95.44780435296387,94.2441699043142,0.12916033645621816,0.10090857082462679,87.08558071833566,40.190333423750445
402,85.87538169407584,208.28213947655175,0.1658585765843885,0.051254524160568554,198.34211474272374,82.58770592590288
403,137.65020354772247,546.1396648119959,0.01719893310658715,0.3615849901850635,614.0103219418245,279.79647415670496
404,84.31892229355044,837.8812023135464,0.20404176479440767,0.07122517065083567,803.229057306575,349.8687987797493
405,87.78351213377405,219.46238129551003,0.18282909642889347,0.08356779948452198,206.71914291222345,82.84340777008053
406,163.93954746981973,424.7714140950731,0.007434382585749402,0.5120089292250758,567.155205170124,246.8436767603894
407,144.77591223091738,451.33439711058924,0.012146219895883473,0.38993029373146537,547.8080427318574,246.11666174076473
408,144.26376775714044,474.85997234965316,0.01647366652716665,0.3931175092188901,568.8652842117519,256.3940988045744
409,89.19069043586263,825.6573059723207,0.15184872675924574,0.06276285625787646,761.5003892781515,348.5272632417168
410,191.42891954963895,355.56049470053057,0.0011406498522689443,0.7337524691268547,500.3344965632498,214.3234831666995
411,196.85072116033678,329.6718896141735,0.001469022337696032,0.7705008957387494,512.8671224423534,213.64876682298598
412,194.8915268826537,43.07032388724696,0.001993473925938601,0.7519639839278971,61.93967205150774,24.483794044590987
413,221.37691697111808,37.94218958022754,-0.0003433761549682682,0.8407609132423535,61.43702737524442,23.166128799016782
414,100.97384795779107,200.5904374790541,0.10252747773277118,0.11677219704958144,197.31486942637864,84.18936939717184
415,192.93944956218252,43.56971857111645,0.002071100259324505,0.7455333090189695,62.64850283964517,25.638405073029805
416,80.52053299427115,903.688583206737,0.2014532887739167,0.03194730190024006,792.8173948387099,361.9543893998889
417,100.94232686503366,682.5098644865705,0.08403842215630966,0.11140503834888942,696.2464168300802,319.89264889930945
418,191.48874215951292,92.10469215429463,0.0035305553078631077,0.6933827035045685,144.4893826492876,56.17215434918477
419,81.75510653446922,106.62675563612189,0.1742625848535906,0.03073135326319,97.56064797914418,45.99364946093649
420,159.8344360159977,106.86597195908459,0.009919087819837415,0.5027582147496983,149.28652376917105,61.12479380865911
421,171.56393551732003,94.19738256952849,0.004995687293698291,0.5882992835804022,141.00228091416537,56.490913076737655
422,173.9882448737537,401.42186058183995,0.0022793339222071745,0.6086996809485825,548.4444597635074,238.64967100259824
423,191.73214561753807,43.086164210836515,3.183129808001834e-05,0.713771319210124,61.91843660691417,24.846196537996438
424,82.69424955692689,116.68089835041793,0.20950384735329428,0.06622481600378109,100.47741270641993,45.98965256603772
425,170.61392615674717,105.10083678197692,0.0056014013726873885,0.566720755683598,134.071594984058,58.69907818502859
426,153.90508518659936,54.73958977855048,0.007877544871651902,0.4645877427182262,69.07220738674559,30.219388874721602
427,79.45599206040418,883.9931002398031,0.21580033927588246,0.03892700454539947,829.1088010961857,370.73245467330895
428,99.08834144263045,681.7124129291833,0.07501920932765306,0.09402192487796346,666.5626458815938,303.29376587259065
429,192.04569971008308,367.652154833241,0.0012500761386183546,0.7354512100592836,523.4847070118769,216.31124011718867
430,101.35756954678075,671.6884057796408,0.07745510149233706,0.1039339144401263,687.0359826442119,314.40960747039696
431,92.63009723221388,222.458574782612,0.14312674814545048,0.08606537760453441,211.29605838810096,89.6139296277467
432,144.7810602768586,502.6338632175078,0.014869668882715454,0.39007284538209436,582.3329642841276,272.3920290642798
433,99.09147618029412,669.3463229575576,0.10899317616798564,0.12212230228238913,688.6612402919264,300.263153290853
434,75.43342253235559,252.21759782961598,0.23368561388697917,0.020642866274891754,229.90050797462354,97.76654407646163
435,180.45191710980487,97.39074926616273,0.002658818332798057,0.6659215404725447,129.97415274071628,55.08118646259644
436,133.99474957633112,108.50072020398487,0.01774580709555545,0.32078093984815365,137.43487757416727,59.29960263156567
437,173.3346633731106,89.06192753168473,0.0067513648569502704,0.6140410099214191,130.91540436822442,52.38137018549998
438,80.11794275372728,258.7711752233778,0.22519707710526754,0.06228389646987135,239.11998283848075,98.39970655714419
439,80.3298951973445,243.71172365171864,0.22671022468765933,0.04498047208542293,235.34928540628925,96.5160724435637
440,227.63784440217268,36.152869836637606,-3.694530873655719e-05,0.8637438335216301,60.34860819998986,22.074582941033146
441,94.65296427791999,182.0601253303696,0.10344556865204926,0.062052788592715354,182.39876929539295,81.97715100144707
442,188.4059158465844,305.73922440896985,0.0011721002273427353,0.791556242439716,455.28692445447365,188.22283352189802
443,173.33567719859425,95.41690007034761,0.0047973033631748385,0.5876868000020539,127.61260195632823,55.95174655105853
444,130.68328775791207,493.84310708524606,0.019078215522725674,0.28724500333004055,569.2097991133907,259.6130387611236
445,82.68003844110122,840.8998001091858,0.2190656610611867,0.06817593577929203,798.055545964076,352.97162082587397
446,111.31511871977986,129.76682216686092,0.041482302279023504,0.14571898409084486,152.56354048024127,64.27987913720716
447,86.49085382085549,211.7962020435405,0.15580696054512438,0.06684116809060511,200.62002640681015,84.82136872196493
448,92.73126519959628,733.4831224658149,0.15504105816521566,0.09656724582449785,755.8351158714626,317.4268356070851
449,124.60463072822692,554.5994180025491,0.027824797829853965,0.2402660514957607,623.1993993757484,280.53137449639274
450,196.18237698091522,334.5541916077429,0.0015131898248893336,0.7919227070407366,503.9647120396173,209.1251908458327
451,118.37661323907719,605.1778509131224,0.0427383962103125,0.2213122548934049,627.3245770232721,287.233174053653
452,205.2582278442452,41.893049083867346,0.00024449715143444635,0.8042632045922617,61.21954604306846,25.037580135995817
453,183.43886610960632,356.8707586831866,0.0016575395807729354,0.7160514497233121,492.338881759074,219.81624331484076
454,193.90379797766366,77.41897673817871,0.0013117464955867434,0.702374044357359,120.18353240303026,47.61411234696559
455,201.0696296689303,80.11837673899677,0.0007479383628649178,0.7631670143072153,129.89919524812834,50.348833771971854
456,210.01515371634449,72.10135784178355,0.0025069381789341815,0.8111005452702065,119.86909811403011,44.28382777242685
457,84.32292180109847,97.54760480138565,0.16848644218467673,0.03885147278216365,89.62133424026413,41.10831170009697
458,109.39856719702505,181.6812237771845,0.08119594760551928,0.14549835450005613,186.55890144696477,77.33209698780232
459,156.5996215172273,105.60087785466462,0.0074361036408598456,0.48402547372870763,132.08260661062758,57.52967973548751
460,78.70229878879411,120.85553922531665,0.20721366842498148,0.02634656326072774,102.87327208572408,48.66736800716644
461,180.34396743176217,89.29492368582716,0.006446196009705773,0.6465507616092838,133.64371145667442,53.17224053216653
462,202.39865159934354,78.7019537844677,0.0013192788932332624,0.7450499835177602,129.3684862510877,49.704052628925844
463,206.0969737795608,76.17751100385709,0.00071519664655564,0.8061295641854387,121.99268386274504,47.40964651312785
464,110.85786447364505,165.59257257056115,0.06071167446959393,0.146684519347303,171.77776480026645,73.60760703285213
465,185.81531998121332,347.279714734972,0.0010265320075299794,0.7378521248360386,479.7978959541992,208.27274800549827
466,98.32227637468903,195.55855960039938,0.1244356572132031,0.09812403569241815,188.58363880586043,80.92607012354857
467,89.90749930149404,789.7550419460057,0.13506529088855615,0.05488247738759396,704.0282334105533,330.6455001437248
468,157.00927743131743,98.11244554780275,0.006848316651409227,0.4632675485940197,128.58456895438076,56.94125467498085
469,91.98460935354083,92.86954957952105,0.13310784821715363,0.07472024326636052,87.36541529227108,38.10705289559649
470,151.9804740199264,504.8429632400351,0.011979244477461168,0.47087637407682176,575.3535453957134,258.85373399267075
471,74.23787295185818,130.58964815083633,0.2580502643235319,0.01755971456870409,105.61788107050282,51.702357521506194
472,165.58197657803748,106.72307286215899,0.00812305843328462,0.5382923816681697,142.63770102359052,58.765267898393226
473,220.05099239183113,39.00519741803289,-0.0003713151869264925,0.8438459624061354,63.03059135437988,23.72088579537048
474,203.84653197862738,75.39614453496017,0.0018959995323110412,0.8043022916765343,118.81197383979425,46.807331645932756
475,177.91323463448524,95.6977158862516,0.0050271653686733515,0.6056128446334366,127.72701392906012,55.26281801335499
476,104.81923586283199,650.6616283948387,0.06820794160988054,0.11561065010324695,669.450772717086,308.664559923242
477,80.66014676900032,256.17334681267846,0.23218531499282302,0.06205276995689982,228.09380719345467,95.53660031248555
478,216.92764899156532,71.2438366272411,0.0010057496818100795,0.8356067209842928,118.8884218470464,43.925204994761124
479,85.5309426915461,806.2147266706439,0.16591291627802388,0.06622014040548739,761.1815760868386,348.129850410872
480,79.58264643511698,118.69277323988499,0.20296592325098325,0.02746332660496572,99.46230952979926,47.16290371524858
481,131.31638875656915,479.8086704428246,0.01902023334294836,0.2980630712768721,573.8043236545171,273.6930125173617
482,81.71457474835786,235.5110546354518,0.21815325589267345,0.06281107133984144,222.13004693995506,90.61058447454583
483,107.59294563104932,187.51801058952532,0.06961444129254662,0.14503038160388604,196.62969657474426,84.08258783580426
484,141.58362889534817,534.665847967875,0.014816392693351294,0.3869292596711307,588.1316482966212,283.2659971522289
485,87.21169969623294,108.62274727611712,0.1726971087119932,0.07806136444048051,93.37877382906879,43.35263992743502
486,208.18896774992555,76.78862307649331,0.0019265742786869757,0.8174820534777854,125.73769161653249,47.94992508435899
487,91.88532202555086,95.45014352456771,0.15069835484594316,0.09384422153707353,87.57504806518088,41.142594119505794
488,134.7714098488965,534.5815737255764,0.024610942510986902,0.32299471881857206,612.1743139683623,269.0700052074891
489,163.46953880697822,49.83275628499697,0.0048468263771272455,0.5293928871824842,63.81606653027701,27.07572688225557
490,198.98731031303376,77.10850133740328,0.0009260388671826081,0.7709889465288653,123.80961373456323,49.30381798690817
491,194.04224844497668,339.56260883190276,0.0009707610429808251,0.7630733283822757,501.70253691511215,209.7030310270721
